CELL_BARCODE	seurat_cluster_r1
AAACCTGCACCGAAAG	2
AAACCTGTCCTCATTA	0
AAACGGGGTACTTAGC	4
AAAGATGGTTGCTCCT	1
AAAGATGTCGTGACAT	0
AAAGCAACATGAAGTA	1
AAAGTAGCACAAGACG	0
AAAGTAGGTTGAGTTC	5
AAAGTAGTCTGATTCT	3
AAAGTAGTCTTAACCT	0
AAATGCCAGCTCTCGG	0
AAATGCCTCTATCCCG	0
AACCGCGGTTTGGCGC	1
AACCGCGTCAAACCGT	2
AACCGCGTCATGTCTT	7
AACCGCGTCGTACCGG	6
AACGTTGAGGACAGAA	1
AACGTTGGTTTGCATG	8
AACTCAGGTCTGGTCG	0
AACTCAGGTGCCTGTG	5
AACTCCCAGAGACTTA	0
AACTCCCAGCTGATAA	0
AACTCCCGTCCTCTTG	0
AACTCTTAGTGACATA	0
AACTGGTCATCTCCCA	1
AACTTTCAGTAGGCCA	8
AACTTTCGTTGCGTTA	2
AAGACCTAGTGTTGAA	3
AAGCCGCAGCGCTTAT	5
AAGGAGCTCCATGAAC	0
AAGGAGCTCTCGGACG	4
AAGGCAGGTTGCGTTA	1
AAGGTTCAGCCTTGAT	3
AAGGTTCAGGTGGGTT	6
AAGGTTCCAGCTGCTG	3
AAGTCTGTCCTTGACC	6
AATCCAGAGAATGTTG	1
AATCCAGTCAAGAAGT	0
AATCCAGTCACGCATA	3
AATCCAGTCTTGTATC	3
AATCGGTTCAGCACAT	0
ACACCAAGTTCCACGG	2
ACACCCTGTAAGTAGT	4
ACACCCTGTATATCCG	4
ACACCGGGTAGTACCT	0
ACACTGAAGCGCCTTG	2
ACAGCTAAGGAATCGC	7
ACAGCTATCAGGCAAG	0
ACAGCTATCCTAAGTG	4
ACATACGTCACCATAG	0
ACATACGTCCTAGGGC	2
ACATGGTGTCAGGACA	5
ACATGGTTCTTGTTTG	3
ACCAGTAAGTGAAGAG	1
ACCAGTAAGTTGAGTA	0
ACCAGTATCAACACTG	0
ACCCACTCAAATTGCC	6
ACCGTAAAGTGTACCT	8
ACCGTAACAAAGTGCG	0
ACCGTAAGTACCCAAT	8
ACCGTAAGTCCAAGTT	0
ACCGTAAGTGATAAGT	0
ACGAGGAAGGTCATCT	1
ACGAGGAGTTCCACAA	0
ACGATACCAATGTTGC	1
ACGATGTTCACCAGGC	0
ACGATGTTCGGAATCT	0
ACGCCAGGTTCGGCAC	5
ACGGAGATCCGAATGT	5
ACGGCCAAGTACTTGC	5
ACGGCCATCAAGCCTA	1
ACGGCCATCTGGTGTA	4
ACGGGCTAGCTCCCAG	4
ACGGGTCCAGCTCGCA	0
ACGGGTCCAGGACCCT	8
ACGGGTCGTTCCCTTG	6
ACGTCAAAGCTAACTC	1
ACGTCAACAACGCACC	1
ACGTCAATCCTAGGGC	0
ACTGAACGTTCCAACA	0
ACTGAGTTCTACTCAT	6
ACTGATGAGCTCCCAG	0
ACTGATGCACGAAAGC	4
ACTGCTCAGCGTGAAC	2
ACTGCTCTCCCATTAT	4
ACTGTCCAGCCGCCTA	2
ACTGTCCAGGAGCGTT	1
ACTTACTTCGTCCAGG	2
ACTTGTTCAATGTAAG	7
ACTTGTTCACCTATCC	0
ACTTTCACAAGGACTG	1
ACTTTCATCCAGATCA	7
AGACGTTAGCCCTAAT	0
AGACGTTGTCCTCTTG	0
AGACGTTTCCCGGATG	3
AGAGTGGAGGTGCTAG	4
AGATCTGAGGTGCTTT	2
AGATCTGGTAACGTTC	6
AGCAGCCCACGGTAGA	2
AGCCTAAAGACCCACC	6
AGCGTCGCAGCATACT	5
AGCGTCGCAGCCACCA	1
AGCTCCTCAATGGAAT	0
AGCTCCTGTAGCTAAA	3
AGCTCCTGTCGCGAAA	7
AGCTCTCAGGAGTACC	0
AGCTTGAGTAGCGTCC	3
AGGCCACTCGTTGCCT	6
AGGGATGCATGCATGT	6
AGGGTGAAGGTAGCCA	1
AGGGTGATCACAGTAC	1
AGTAGTCAGGCTATCT	5
AGTAGTCCATTCCTGC	0
AGTCTTTAGTTACGGG	2
AGTGAGGAGATCCCGC	6
AGTGAGGTCGTAGGAG	1
AGTGAGGTCTAGCACA	0
AGTGGGATCAGATAAG	4
AGTGGGATCCCACTTG	0
AGTGTCAAGCTAGTTC	2
AGTGTCAAGGTGTGGT	7
AGTGTCATCCCGGATG	6
AGTTGGTCAAGTTCTG	4
AGTTGGTCACGGTAGA	6
AGTTGGTCATTCACTT	0
AGTTGGTGTAGAGTGC	3
AGTTGGTTCTGTCCGT	6
ATAACGCAGCTACCGC	3
ATAACGCCAGCCTTGG	0
ATAAGAGCAGCATACT	1
ATAGACCAGGAGTAGA	2
ATAGACCAGTAATCCC	0
ATAGACCAGTGTTAGA	0
ATCACGAAGACTAAGT	1
ATCACGAAGGTTACCT	0
ATCACGACAAACTGCT	6
ATCACGACAGTATCTG	4
ATCACGACATTACCTT	0
ATCACGATCTGCCAGG	1
ATCATGGAGAATAGGG	0
ATCATGGCAAGTCTGT	0
ATCATGGTCAACCAAC	3
ATCCACCAGACGCAAC	0
ATCCGAAAGACGCAAC	7
ATCGAGTAGTGTCCAT	2
ATCGAGTGTGTTGAGG	1
ATCTACTCAGCTTCGG	5
ATCTACTTCTGCCAGG	7
ATCTGCCAGCCCAGCT	0
ATCTGCCTCAAACCAC	0
ATCTGCCTCGTTTAGG	8
ATGAGGGGTCTCGTTC	1
ATGGGAGCAAGGGTCA	2
ATGGGAGGTACACCGC	0
ATGTGTGTCCATGCTC	1
ATTACTCAGCGATAGC	8
ATTACTCGTCAATGTC	5
ATTACTCTCAAAGACA	2
ATTACTCTCCGTAGGC	7
ATTATCCTCAACCAAC	4
ATTCTACAGTCAATAG	2
ATTCTACTCTGATTCT	7
ATTGGACCAGTATAAG	6
ATTGGTGAGACTTTCG	8
ATTGGTGAGCCTATGT	7
ATTTCTGAGCTGCGAA	0
ATTTCTGTCCAGATCA	0
CAACTAGCAATGTTGC	4
CAAGATCTCTAACGGT	0
CAAGATCTCTACCTGC	3
CAAGTTGGTCTGGAGA	1
CAAGTTGTCTCGTATT	0
CACAAACAGTGGAGAA	0
CACACAAAGCGATGAC	3
CACACAATCGTCCGTT	7
CACACCTCAGCTCCGA	0
CACACTCAGCCATCGC	0
CACACTCTCTCAAACG	1
CACAGGCCATGCATGT	0
CACAGGCGTATAAACG	6
CACAGTAGTGTAAGTA	0
CACATTTAGAAGGCCT	1
CACATTTCACCAACCG	1
CACATTTCAGATCTGT	0
CACATTTGTACTCAAC	5
CACATTTGTAGTACCT	1
CACATTTTCAGCTTAG	0
CACCACTAGGCCATAG	0
CACCACTTCCATGAAC	5
CACCAGGGTGGCAAAC	4
CACCTTGTCCACTGGG	8
CACTCCACAGCTCGCA	7
CACTCCACAGGGTTAG	0
CAGAATCAGTAGCGGT	3
CAGAATCCATGTCTCC	3
CAGAATCTCCACGACG	4
CAGAGAGCATCCGGGT	0
CAGATCAAGTCCATAC	4
CAGATCATCCCAGGTG	0
CAGCAGCAGAAACGAG	6
CAGCAGCGTCGGATCC	7
CAGCAGCTCTCAAACG	0
CAGCCGACAATCCGAT	5
CAGCCGACATCCTTGC	0
CAGCCGAGTCCCTACT	4
CAGCCGAGTTTAGGAA	1
CAGCGACCACATCTTT	3
CAGCGACTCATCATTC	8
CAGCTAAGTTACGTCA	0
CAGCTGGCAGATGGGT	6
CAGCTGGGTTAAGAAC	5
CAGGTGCCACCAGTTA	2
CAGTAACAGACTAGAT	0
CAGTCCTGTGAGTGAC	4
CATATGGCAGGACCCT	3
CATATGGGTACACCGC	7
CATATTCAGTTAAGTG	1
CATATTCCACGAGAGT	1
CATCAAGAGTCATCCA	3
CATCAAGCACTTGGAT	4
CATCAAGTCCTATTCA	3
CATCCACGTTCTGAAC	4
CATCGAACAATGGATA	7
CATCGAACACCCTATC	1
CATCGGGAGATCCTGT	1
CATGACAAGCCGCCTA	3
CATGCCTCAGAGCCAA	0
CATGCCTGTCACTTCC	0
CATTATCCAGGTCTCG	0
CATTCGCCAAACCCAT	0
CATTCGCGTGACTACT	0
CATTCGCTCGCCTGAG	0
CCAATCCGTCCGTGAC	0
CCACCTAAGTTGTAGA	1
CCACCTATCTCAAGTG	0
CCAGCGAGTCCAGTAT	1
CCATGTCCATTGCGGC	0
CCATTCGGTGTCTGAT	5
CCATTCGGTTTAGCTG	2
CCCATACTCAACCATG	3
CCCATACTCCTTTCGG	4
CCCATACTCTTGACGA	6
CCCTCCTAGTTGCAGG	0
CCGGGATAGTCCATAC	5
CCGGGATTCTCATTCA	8
CCGGTAGCACCCATTC	6
CCGGTAGCATACTACG	1
CCGGTAGGTACTCTCC	3
CCGTACTGTCTAGAGG	2
CCGTGGACAATGGAGC	1
CCGTTCAAGCGTTCCG	0
CCGTTCACAAGTAGTA	6
CCGTTCACAGGCTGAA	0
CCTACACCATCAGTCA	0
CCTACACTCAGATAAG	0
CCTAGCTAGCTAACAA	0
CCTATTAAGTAGATGT	1
CCTATTAAGTCGATAA	1
CCTTACGCACATGGGA	0
CCTTACGTCTTGAGGT	0
CCTTCGAAGAGGTTAT	6
CCTTTCTAGACTGTAA	0
CCTTTCTAGGGTCGAT	3
CGACCTTCACATCTTT	0
CGACCTTGTTAAGACA	0
CGACTTCAGGCAAAGA	0
CGACTTCGTAATCGTC	0
CGACTTCGTCCGTGAC	6
CGAGCACGTCGAAAGC	0
CGAGCCACATGCAATC	5
CGAGCCAGTCTCTCTG	0
CGATGGCGTAGAAGGA	1
CGATGGCGTCCGTGAC	3
CGATGGCGTGTTGAGG	6
CGATGTACATCCGTGG	0
CGATGTATCAGTACGT	0
CGCCAAGAGTTGTCGT	0
CGCCAAGCACGTGAGA	3
CGCGGTAAGTCTCAAC	7
CGCGGTACATCATCCC	0
CGCGGTAGTGAACCTT	8
CGCGGTATCCGTTGCT	1
CGCGTTTAGAAGGACA	4
CGCGTTTGTAACGTTC	0
CGCTATCGTGAGTGAC	8
CGCTATCTCTGCTGTC	0
CGCTGGATCTGCTGCT	7
CGCTTCAAGACTACAA	0
CGGACACTCAACCATG	3
CGGACGTGTTGCGTTA	0
CGGAGCTAGGCATGGT	4
CGGAGCTCAGCTGCTG	2
CGGAGTCAGACGCACA	0
CGGAGTCTCCATGAGT	0
CGGCTAGAGAAACGCC	0
CGGCTAGTCCTGTAGA	6
CGGGTCAAGGCGATAC	1
CGGTTAAGTCTTTCAT	3
CGGTTAAGTTGGTGGA	0
CGGTTAATCAGCTGGC	6
CGTCACTCACAGATTC	5
CGTCAGGCAGGCAGTA	6
CGTCAGGTCAAACGGG	5
CGTCCATAGGTAGCCA	4
CGTCCATTCAGCAACT	1
CGTCTACGTATTACCG	0
CGTCTACGTCACCCAG	0
CGTCTACTCCGCGGTA	7
CGTGTCTAGGAGTTGC	6
CGTGTCTAGGGCACTA	5
CGTTAGAAGCTGAAAT	5
CGTTCTGAGTGGTAGC	0
CGTTGGGAGTACTTGC	5
CGTTGGGCAAGCGATG	0
CTAACTTGTAGGAGTC	0
CTAACTTTCCCAAGAT	8
CTAAGACAGATCCCGC	0
CTAAGACTCCGAACGC	7
CTAAGACTCCGCGGTA	3
CTACACCAGGAGTAGA	0
CTACACCAGTGGGCTA	4
CTACATTAGGCACATG	0
CTACGTCAGAAGGACA	0
CTAGAGTCACAACGCC	6
CTAGAGTGTTGCTCCT	6
CTAGTGACAATCGGTT	0
CTAGTGAGTCTCCACT	2
CTCACACGTAACGACG	1
CTCACACGTCGACTGC	0
CTCAGAATCATGTCTT	0
CTCAGAATCGACCAGC	4
CTCAGAATCGAGAACG	2
CTCAGAATCTTGGGTA	7
CTCATTAAGAAACCAT	6
CTCATTATCCTCGCAT	0
CTCCTAGTCAACACGT	3
CTCCTAGTCTCAAGTG	0
CTCGAAAGTTGCTCCT	1
CTCGAGGAGCTGCGAA	7
CTCGAGGTCCAAGCCG	0
CTCGTCAGTTCAGCGC	3
CTCTAATCAACGATCT	0
CTCTAATCATCGTCGG	5
CTGAAGTGTGCGCTTG	5
CTGATAGAGAGATGAG	5
CTGATAGCACCTCGTT	0
CTGATAGGTTATCACG	0
CTGCCTATCTATCCTA	1
CTGCGGACATGGTAGG	0
CTGCGGAGTTCACGGC	3
CTGCTGTTCAAGGTAA	2
CTGGTCTCACAGGTTT	0
CTGGTCTGTATAAACG	1
CTGGTCTTCAACACGT	2
CTGGTCTTCAAGCCTA	3
CTGTGCTAGATGCCAG	2
CTGTTTAAGGAATGGA	1
CTGTTTACATCCTAGA	0
CTGTTTATCCGCATAA	5
CTGTTTATCTTGTACT	2
CTTAACTGTGACTACT	0
CTTCTCTCAAGTCTAC	0
CTTCTCTGTTCCGGCA	5
CTTCTCTTCGTTTAGG	3
CTTGGCTAGGTGATTA	6
CTTGGCTGTCGATTGT	4
CTTTGCGAGACTGGGT	6
CTTTGCGCAAGCGATG	2
CTTTGCGCAGCTCGCA	0
CTTTGCGTCGGCGCTA	1
GAAACTCGTCTTGCGG	0
GAAACTCTCTCAAACG	5
GAAATGAGTCAAACTC	2
GAACATCAGTTTAGGA	4
GAACATCCAATGACCT	2
GAACGGAAGAATTGTG	0
GAACGGAAGCCAGAAC	0
GAAGCAGAGAAGGGTA	0
GAATAAGCAACTTGAC	0
GAATAAGTCAACACGT	6
GAATGAACACGGATAG	0
GAATGAAGTAGCCTCG	5
GACACGCTCCAAATGC	5
GACAGAGAGACAGGCT	8
GACAGAGTCCGCTGTT	1
GACCAATGTCTGGTCG	0
GACCAATTCGTTGACA	1
GACCTGGTCCAAGTAC	7
GACGCGTCACCCAGTG	3
GACGGCTGTACATGTC	0
GACGTGCGTCTAAACC	0
GACGTTATCGCCTGAG	1
GACTAACAGGACTGGT	1
GACTAACTCTCGCATC	1
GACTACAAGCCACGCT	1
GACTACACAAGGGTCA	3
GACTACACAGTCTTCC	2
GACTACAGTAACGCGA	0
GACTACAGTAGCTAAA	0
GACTGCGGTACTCTCC	0
GAGGTGAAGCGTAATA	4
GAGGTGACAAGCCTAT	0
GAGGTGATCAGTGCAT	5
GAGTCCGAGTAGATGT	0
GAGTCCGTCGATCCCT	5
GATCTAGCAAAGCAAT	0
GATCTAGCAGGATCGA	0
GATGAGGGTTTGGCGC	0
GATGAGGTCCGCATCT	0
GATGAGGTCGCAAACT	4
GATGCTATCCTCAACC	7
GATTCAGCAAATCCGT	3
GATTCAGGTATAGGGC	1
GCAAACTCATGCATGT	0
GCAAACTGTACAGTTC	2
GCAAACTTCACATGCA	5
GCAATCATCTTGTATC	1
GCACATACAGCCTATA	0
GCACATATCCACGACG	2
GCAGCCAAGTTTCCTT	7
GCAGCCATCAACTCTT	0
GCAGTTAGTGGGTCAA	8
GCAGTTATCGCCCTTA	5
GCATACAAGGGATCTG	0
GCATACACATGGTTGT	7
GCATGCGAGAACTGTA	1
GCATGCGAGTATGACA	0
GCATGCGCAGCCACCA	2
GCATGCGGTTTGACAC	6
GCCAAATCAGTAAGAT	0
GCCTCTAAGAGATGAG	5
GCCTCTAGTCCCTACT	0
GCCTCTAGTGTGACGA	1
GCGACCATCGCGATCG	6
GCGCAACTCTTACCGC	6
GCGCAGTAGGGTTCCC	1
GCGCAGTGTCGAACAG	3
GCGCCAAAGTGTGAAT	4
GCGCGATAGACAAGCC	0
GCGCGATCAGCCAATT	0
GCGCGATTCAAGAAGT	3
GCGGGTTCATCGTCGG	0
GCTCCTAAGTACGATA	4
GCTCCTATCCAATGGT	0
GCTGCAGGTGGCTCCA	4
GCTGCTTTCGGAATCT	6
GCTGGGTAGGTGTTAA	1
GCTGGGTCACCGCTAG	7
GCTGGGTTCTATCGCC	5
GCTTCCAGTCATGCCG	2
GCTTGAAAGTTATCGC	7
GCTTGAACACACCGCA	2
GGAAAGCGTTGCCTCT	0
GGAAAGCTCCTAGAAC	4
GGAACTTCACACCGAC	0
GGAACTTGTTAGGGTG	0
GGAATAATCACAGTAC	6
GGACAAGAGTGGGTTG	2
GGACAAGCAATGTTGC	8
GGACAAGTCAACGGCC	5
GGACGTCCACGAAGCA	0
GGACGTCCATTGGCGC	1
GGATTACAGGTCATCT	3
GGATTACGTGTTTGTG	0
GGATTACGTTCCACTC	0
GGCCGATAGCAGCCTC	0
GGCGACTTCTCTTGAT	7
GGCGTGTAGAGGTTAT	4
GGCGTGTCAATGGATA	1
GGCGTGTGTCGCGGTT	5
GGGAATGCAAAGGCGT	0
GGGAATGTCTTATCTG	0
GGGACCTCAATCAGAA	1
GGGACCTTCACGCGGT	1
GGGAGATAGGCTAGGT	6
GGGATGAAGCTCAACT	3
GGGCATCCAGACTCGC	5
GGGCATCTCGACGGAA	4
GGGTCTGGTCTTTCAT	4
GGGTTGCAGTGACTCT	0
GGGTTGCCATCCTAGA	2
GGGTTGCTCAAGCCTA	4
GGTATTGAGCAGGCTA	0
GGTATTGCAAGTCTGT	2
GGTGAAGCAAGTAATG	0
GGTGCGTGTTGAACTC	0
GGTGTTAAGTACCGGA	0
GTAACGTGTTACCAGT	0
GTAACTGGTCATATGC	2
GTAACTGTCTACTTAC	7
GTAACTGTCTATCCTA	0
GTACGTACATGGGAAC	6
GTACGTATCTCAACTT	0
GTACGTATCTGGTATG	2
GTACTCCAGCACACAG	5
GTACTTTTCAAGATCC	0
GTAGGCCAGATGTGTA	7
GTAGGCCCAGCATGAG	0
GTAGGCCCATTGGTAC	7
GTAGGCCGTATGCTTG	4
GTAGGCCTCAAGATCC	0
GTAGGCCTCATCATTC	2
GTATCTTGTAGCACGA	0
GTATCTTTCAACGAAA	4
GTATCTTTCCACGACG	1
GTCAAGTAGCGGATCA	0
GTCATTTCACTCGACG	3
GTCCTCAGTTCTGAAC	3
GTCCTCATCGACAGCC	0
GTCCTCATCGAGAGCA	3
GTCGGGTAGTTTAGGA	6
GTCGTAACACATCTTT	0
GTCGTAATCGAGAGCA	2
GTCTTCGAGAAGGACA	1
GTCTTCGAGGTGTTAA	1
GTCTTCGCAAGTTGTC	4
GTGCAGCGTCTCTTAT	0
GTGCATACAAGTAATG	2
GTGCTTCCAGATCTGT	0
GTGGGTCAGAGTGAGA	0
GTGGGTCAGGGTGTGT	0
GTGGGTCTCTCCTATA	5
GTGTTAGAGATTACCC	7
GTTACAGAGTGTTAGA	0
GTTACAGGTCTCCCTA	0
GTTCATTGTGAGGGAG	1
GTTCGGGAGAAGCCCA	7
GTTCGGGAGATACACA	0
GTTCGGGAGGTAGCTG	2
GTTCGGGGTATAATGG	0
GTTCGGGTCCTACAGA	0
GTTTCTAGTCACTGGC	2
TAAACCGAGTCCTCCT	8
TAAACCGCAGCAGTTT	0
TAAACCGTCCGCAAGC	4
TAAGCGTAGCCACCTG	1
TAAGCGTGTTCATGGT	1
TAAGCGTTCAGTTAGC	7
TACACGACACTACAGT	6
TACACGACAGATCGGA	1
TACCTATAGGAACTGC	3
TACCTATGTCGATTGT	7
TACCTATGTTTGTGTG	0
TACCTTAGTCCAACTA	5
TACCTTATCGCTTGTC	4
TACGGATCACATCCAA	0
TACGGTATCGCCAGCA	0
TACTCATAGCGTGAAC	1
TACTCGCCAAACTGTC	0
TACTCGCGTATGGTTC	0
TACTTACAGGTTCCTA	0
TACTTGTAGACGCACA	0
TACTTGTGTAAACACA	0
TAGACCATCTCCAACC	7
TAGCCGGAGCGATGAC	0
TAGCCGGAGGTAAACT	4
TAGTGGTTCGGAGGTA	8
TAGTTGGGTAAGTAGT	0
TATCAGGCACGAAGCA	1
TATCAGGCATCGGACC	5
TATCAGGTCCGCAGTG	1
TATCTCACATAACCTG	6
TATCTCAGTCTCTTAT	0
TATGCCCCATGTCGAT	1
TATTACCAGGACAGAA	0
TATTACCCACCCATTC	0
TATTACCGTCGCATCG	6
TATTACCTCATACGGT	3
TATTACCTCCGCGCAA	4
TCAACGATCCTCCTAG	1
TCAATCTCACCTGGTG	0
TCAATCTTCAACACGT	1
TCACAAGCACGGTTTA	2
TCACGAAAGACCCACC	5
TCAGCAATCTAAGCCA	0
TCAGGTACATCGGGTC	6
TCATTACAGAATGTGT	5
TCATTACCAGCGTAAG	7
TCATTACTCAATCTCT	0
TCATTTGCAGTTTACG	3
TCCACACAGTACGATA	6
TCCACACCATTGGCGC	2
TCCACACTCTAACGGT	0
TCCCGATAGCCCGAAA	0
TCCCGATAGTTTCCTT	0
TCGAGGCCAATCCGAT	0
TCGCGAGGTTACTGAC	1
TCGCGTTAGATCCTGT	0
TCGCGTTCAACACCTA	2
TCGCGTTCATTCGACA	4
TCGGGACGTCCCTACT	0
TCGGGACTCTTTAGGG	7
TCGGTAACAACAACCT	3
TCGGTAACACGGCTAC	5
TCGTAGACAAGTAATG	0
TCGTAGAGTAAAGTCA	6
TCTATTGTCCACGTGG	2
TCTCATAAGGCACATG	7
TCTCATACACGGACAA	5
TCTCATATCCCATTAT	2
TCTCATATCGCCTGAG	3
TCTCTAATCGCGCCAA	4
TCTGAGAAGTCGTTTG	5
TCTGAGAGTCGACTAT	1
TCTGAGATCTCGAGTA	1
TCTGGAAAGACTAGAT	3
TCTGGAACACTTAAGC	2
TCTGGAACAGGGCATA	2
TCTTCGGTCGCCCTTA	0
TCTTTCCCAAATTGCC	0
TCTTTCCCAGGCAGTA	4
TGAAAGAGTTTACTCT	0
TGAAAGATCACTTCAT	4
TGACTAGCAATGAAAC	1
TGACTAGCACGTGAGA	3
TGACTAGGTCAACTGT	0
TGAGAGGTCCGAGCCA	5
TGAGAGGTCTCCCTGA	0
TGAGCCGAGCGCCTCA	0
TGAGCCGCATGGTAGG	0
TGAGGGAAGTGGGATC	3
TGATTTCGTAAGGGCT	1
TGATTTCGTATGAAAC	1
TGCACCTCATCACGAT	3
TGCACCTGTTTGACTG	0
TGCACCTTCTCCCTGA	4
TGCCAAACAAACAACA	0
TGCCAAAGTTCCATGA	5
TGCCAAATCATCGATG	5
TGCCCTAGTCTGCAAT	0
TGCGCAGCAGATAATG	1
TGCGCAGCAGTAAGAT	1
TGCGCAGCAGTTCATG	4
TGCGCAGGTCGCGAAA	2
TGCGGGTGTGGCGAAT	1
TGCGGGTTCATCGCTC	0
TGCTACCAGGGCACTA	4
TGCTACCGTCCGCTGA	0
TGCTGCTCAACGATCT	0
TGCTGCTCAGCCTTGG	0
TGCTGCTTCATATCGG	2
TGCTGCTTCCCAGGTG	6
TGGACGCGTAACGCGA	0
TGGCGCAGTTCAGGCC	0
TGGCGCATCCCTAACC	0
TGGCGCATCGCCCTTA	2
TGGGCGTAGAACTGTA	1
TGGTTAGGTCTTGCGG	0
TGGTTAGGTTGATTGC	0
TGGTTCCGTGACCAAG	0
TGTCCCAGTCAATACC	0
TGTTCCGCATTCACTT	3
TGTTCCGTCTTTCCTC	2
TTAACTCAGCAGATCG	0
TTAACTCGTCCGTGAC	8
TTAGGCATCCGTTGTC	5
TTAGGCATCGCATGAT	4
TTATGCTAGATAGCAT	0
TTATGCTCATAGGATA	8
TTATGCTTCAGGCCCA	4
TTCCCAGAGCAATATG	0
TTCCCAGTCCACGAAT	0
TTCGAAGTCGCTGATA	1
TTCGGTCAGTATCGAA	3
TTCGGTCCAAGCTGTT	0
TTCGGTCCAATGGAAT	0
TTCGGTCGTCCCTTGT	8
TTCTCAAAGATGTGGC	0
TTCTCAACATGGTTGT	1
TTCTCCTTCCAGTATG	0
TTGCCGTCACATTCGA	0
TTGGAACCACTTAAGC	2
TTGGCAACAGTCCTTC	1
TTGGCAAGTAGCACGA	0
TTGTAGGGTCGCGGTT	6
TTTATGCCACGCCAGT	1
TTTATGCCATTCCTCG	0
TTTATGCGTTATCGGT	3
TTTATGCTCCGCGGTA	4
TTTATGCTCCTTGCCA	5
TTTCCTCAGAATTGTG	3
TTTCCTCGTATGCTTG	0
TTTCCTCGTCAAACTC	3
TTTGCGCCACCGCTAG	5
TTTGCGCCATTAGCCA	0
TTTGGTTCAATGACCT	0
TTTGGTTCACGCCAGT	8
TTTGTCACAATCGGTT	0
